Percentile,RA,JP Morgan,BNY,BlackRock,Horizon10,Horizon20,Fund Details,Historical
5 th percentile,0.0073439269499353,0.0326847256819978,0.0196703749990788,0.0235008247902727,0.0193787220370971,0.0284287515909608,0.0327177099971211,0.0220432106245886
10 th percentile,0.0156654930787744,0.0410191393313515,0.0279633891910712,0.0333405496509708,0.0283584738294575,0.037435118468368,0.0417336883944686,0.0295405182541124
25 th percentile,0.0299573896705151,0.055359728666322,0.0422208259649646,0.0501330788642156,0.0438045190938482,0.0528791129801052,0.0571766181260516,0.0423703023614567
50 th percentile,0.0469850260238621,0.0724402590640368,0.0592123347106663,0.0702640831505332,0.0622456517347467,0.071296046554569,0.075588150494903,0.0576907955249835
75 th percentile,0.0636690295283762,0.0891912877574156,0.0758648923312685,0.0898559254276152,0.0802895037202894,0.089341334455939,0.0936366531908998,0.0726958202019738
90 th percentile,0.0788847235547681,0.104490836666958,0.091065413918778,0.107960318056156,0.0967923532416853,0.105865653358057,0.110162002132638,0.0864496917992987
95 th percentile,0.0882140765880828,0.113812029109711,0.10034428367764,0.118591422035018,0.106734551549367,0.115801688057234,0.120081019127241,0.0946927715292629
