"Bank Name","BlackRock","Research Affiliates","JP Morgan","BNY Mellon","Horizon10","Horizon20","Historical","Plan Assumptions"
"20-year geometric avg return (mean)","0.0754042391362554","0.0470674775727369","0.0509478833433707","0.0535414451551725","0.0603843232511599","0.0671925768613749","0.069135541796263","0.0706371497697773"
"20-year geometric avg return (median)","0.0753587039475994","0.0470205668597417","0.0509243523535109","0.053516581737194","0.0603625557475843","0.067155691713913","0.0690979738618788","0.070603752108971"
"Standard deviation of 20-year avg returns","0.0267251743437679","0.0239783668792755","0.0225464716173855","0.0249095800353049","0.0267390550175107","0.0267359124749711","0.0267637654614367","0.0267343472942132"
"Annual arithmetic avg return","0.0813951644897461","0.0520010635375976","0.0552778363582227","0.0588416046142578","0.0664703","0.0732366","0.0751809523809524","0.07666015625"
"Standard deviation of annual returns","0.119718238944864","0.107555376153205","0.101223488827263","0.111677866716946","0.119749192547933","0.119749192547933","0.119875613112291","0.119749192547933"
